band_wv,fac_value
400,71.82168
450,55.99082
500,64.02952
600,70.84343
675,79.54338
810,104.8616
1000,168.2955
1550,457.1789